-- phpMyAdmin SQL Dump
-- version 5.0.4
-- https://www.phpmyadmin.net/
--
-- Hôte : 127.0.0.1
-- Généré le : lun. 07 juin 2021 à 17:12
-- Version du serveur :  10.4.17-MariaDB
-- Version de PHP : 8.0.0

SET SQL_MODE = "NO_AUTO_VALUE_ON_ZERO";
START TRANSACTION;
SET time_zone = "+00:00";


/*!40101 SET @OLD_CHARACTER_SET_CLIENT=@@CHARACTER_SET_CLIENT */;
/*!40101 SET @OLD_CHARACTER_SET_RESULTS=@@CHARACTER_SET_RESULTS */;
/*!40101 SET @OLD_COLLATION_CONNECTION=@@COLLATION_CONNECTION */;
/*!40101 SET NAMES utf8mb4 */;

--
-- Base de données : `fxserver`
--

-- --------------------------------------------------------

--
-- Structure de la table `addon_account`
--

CREATE TABLE `addon_account` (
  `name` varchar(60) NOT NULL,
  `label` varchar(100) NOT NULL,
  `shared` int(11) NOT NULL
) ENGINE=InnoDB DEFAULT CHARSET=utf8;

--
-- Déchargement des données de la table `addon_account`
--

INSERT INTO `addon_account` (`name`, `label`, `shared`) VALUES
('society_ambulance', 'Ambulance', 1),
('society_cardealer', 'Concessionnaire', 1),
('society_police', 'Police', 1),
('society_producter', 'Producteur', 1),
('society_vigne', 'Winegrower', 1);

-- --------------------------------------------------------

--
-- Structure de la table `addon_account_data`
--

CREATE TABLE `addon_account_data` (
  `id` int(11) NOT NULL,
  `account_name` varchar(100) DEFAULT NULL,
  `money` int(11) NOT NULL,
  `owner` varchar(40) DEFAULT NULL
) ENGINE=InnoDB DEFAULT CHARSET=utf8;

--
-- Déchargement des données de la table `addon_account_data`
--

INSERT INTO `addon_account_data` (`id`, `account_name`, `money`, `owner`) VALUES
(1, 'society_vigne', 1255, NULL),
(2, 'society_cardealer', 0, NULL),
(3, 'society_police', 0, NULL),
(4, 'society_producter', 28370, NULL),
(5, 'society_ambulance', 0, NULL);

-- --------------------------------------------------------

--
-- Structure de la table `addon_inventory`
--

CREATE TABLE `addon_inventory` (
  `name` varchar(60) NOT NULL,
  `label` varchar(100) NOT NULL,
  `shared` int(11) NOT NULL
) ENGINE=InnoDB DEFAULT CHARSET=utf8;

--
-- Déchargement des données de la table `addon_inventory`
--

INSERT INTO `addon_inventory` (`name`, `label`, `shared`) VALUES
('society_ambulance', 'Ambulance', 1),
('society_cardealer', 'Concesionnaire', 1),
('society_police', 'Police', 1),
('society_producter', 'Producteur', 1),
('society_vigne', 'Winegrower', 1);

-- --------------------------------------------------------

--
-- Structure de la table `addon_inventory_items`
--

CREATE TABLE `addon_inventory_items` (
  `id` int(11) NOT NULL,
  `inventory_name` varchar(100) NOT NULL,
  `name` varchar(100) NOT NULL,
  `count` int(11) NOT NULL,
  `owner` varchar(40) DEFAULT NULL
) ENGINE=InnoDB DEFAULT CHARSET=utf8;

--
-- Déchargement des données de la table `addon_inventory_items`
--

INSERT INTO `addon_inventory_items` (`id`, `inventory_name`, `name`, `count`, `owner`) VALUES
(1, 'society_producter', 'vine', 0, NULL),
(2, 'society_producter', 'grand_cru', 0, NULL);

-- --------------------------------------------------------

--
-- Structure de la table `billing`
--

CREATE TABLE `billing` (
  `id` int(11) NOT NULL,
  `identifier` varchar(40) NOT NULL,
  `sender` varchar(40) NOT NULL,
  `target_type` varchar(50) NOT NULL,
  `target` varchar(40) NOT NULL,
  `label` varchar(255) NOT NULL,
  `amount` int(11) NOT NULL
) ENGINE=InnoDB DEFAULT CHARSET=utf8;

-- --------------------------------------------------------

--
-- Structure de la table `cardealer_vehicles`
--

CREATE TABLE `cardealer_vehicles` (
  `id` int(11) NOT NULL,
  `vehicle` varchar(255) NOT NULL,
  `price` int(11) NOT NULL
) ENGINE=InnoDB DEFAULT CHARSET=utf8;

-- --------------------------------------------------------

--
-- Structure de la table `datastore`
--

CREATE TABLE `datastore` (
  `name` varchar(60) NOT NULL,
  `label` varchar(100) NOT NULL,
  `shared` int(11) NOT NULL
) ENGINE=InnoDB DEFAULT CHARSET=utf8;

--
-- Déchargement des données de la table `datastore`
--

INSERT INTO `datastore` (`name`, `label`, `shared`) VALUES
('society_ambulance', 'Ambulance', 1),
('society_police', 'Police', 1),
('society_producter', 'Producteur', 1),
('society_vigne', 'Winegrower', 1);

-- --------------------------------------------------------

--
-- Structure de la table `datastore_data`
--

CREATE TABLE `datastore_data` (
  `id` int(11) NOT NULL,
  `name` varchar(60) NOT NULL,
  `owner` varchar(40) DEFAULT NULL,
  `data` longtext DEFAULT NULL
) ENGINE=InnoDB DEFAULT CHARSET=utf8;

--
-- Déchargement des données de la table `datastore_data`
--

INSERT INTO `datastore_data` (`id`, `name`, `owner`, `data`) VALUES
(1, 'society_vigne', NULL, '{}'),
(2, 'society_police', NULL, '{}'),
(3, 'society_producter', NULL, '{}'),
(4, 'society_ambulance', NULL, '{}');

-- --------------------------------------------------------

--
-- Structure de la table `fine_types`
--

CREATE TABLE `fine_types` (
  `id` int(11) NOT NULL,
  `label` varchar(255) DEFAULT NULL,
  `amount` int(11) DEFAULT NULL,
  `category` int(11) DEFAULT NULL
) ENGINE=InnoDB DEFAULT CHARSET=utf8;

--
-- Déchargement des données de la table `fine_types`
--

INSERT INTO `fine_types` (`id`, `label`, `amount`, `category`) VALUES
(1, 'Usage abusif du klaxon', 30, 0),
(2, 'Franchir une ligne continue', 40, 0),
(3, 'Circulation à contresens', 250, 0),
(4, 'Demi-tour non autorisé', 250, 0),
(5, 'Circulation hors-route', 170, 0),
(6, 'Non-respect des distances de sécurité', 30, 0),
(7, 'Arrêt dangereux / interdit', 150, 0),
(8, 'Stationnement gênant / interdit', 70, 0),
(9, 'Non respect  de la priorité à droite', 70, 0),
(10, 'Non-respect à un véhicule prioritaire', 90, 0),
(11, 'Non-respect d\'un stop', 105, 0),
(12, 'Non-respect d\'un feu rouge', 130, 0),
(13, 'Dépassement dangereux', 100, 0),
(14, 'Véhicule non en état', 100, 0),
(15, 'Conduite sans permis', 1500, 0),
(16, 'Délit de fuite', 800, 0),
(17, 'Excès de vitesse < 5 kmh', 90, 0),
(18, 'Excès de vitesse 5-15 kmh', 120, 0),
(19, 'Excès de vitesse 15-30 kmh', 180, 0),
(20, 'Excès de vitesse > 30 kmh', 300, 0),
(21, 'Entrave de la circulation', 110, 1),
(22, 'Dégradation de la voie publique', 90, 1),
(23, 'Trouble à l\'ordre publique', 90, 1),
(24, 'Entrave opération de police', 130, 1),
(25, 'Insulte envers / entre civils', 75, 1),
(26, 'Outrage à agent de police', 110, 1),
(27, 'Menace verbale ou intimidation envers civil', 90, 1),
(28, 'Menace verbale ou intimidation envers policier', 150, 1),
(29, 'Manifestation illégale', 250, 1),
(30, 'Tentative de corruption', 1500, 1),
(31, 'Arme blanche sortie en ville', 120, 2),
(32, 'Arme léthale sortie en ville', 300, 2),
(33, 'Port d\'arme non autorisé (défaut de license)', 600, 2),
(34, 'Port d\'arme illégal', 700, 2),
(35, 'Pris en flag lockpick', 300, 2),
(36, 'Vol de voiture', 1800, 2),
(37, 'Vente de drogue', 1500, 2),
(38, 'Fabriquation de drogue', 1500, 2),
(39, 'Possession de drogue', 650, 2),
(40, 'Prise d\'ôtage civil', 1500, 2),
(41, 'Prise d\'ôtage agent de l\'état', 2000, 2),
(42, 'Braquage particulier', 650, 2),
(43, 'Braquage magasin', 650, 2),
(44, 'Braquage de banque', 1500, 2),
(45, 'Tir sur civil', 2000, 3),
(46, 'Tir sur agent de l\'état', 2500, 3),
(47, 'Tentative de meurtre sur civil', 3000, 3),
(48, 'Tentative de meurtre sur agent de l\'état', 5000, 3),
(49, 'Meurtre sur civil', 10000, 3),
(50, 'Meurte sur agent de l\'état', 30000, 3),
(51, 'Meurtre involontaire', 1800, 3),
(52, 'Escroquerie à l\'entreprise', 2000, 2);

-- --------------------------------------------------------

--
-- Structure de la table `items`
--

CREATE TABLE `items` (
  `name` varchar(50) NOT NULL,
  `label` varchar(50) NOT NULL,
  `weight` int(11) NOT NULL DEFAULT 1,
  `rare` tinyint(4) NOT NULL DEFAULT 0,
  `can_remove` tinyint(4) NOT NULL DEFAULT 1
) ENGINE=InnoDB DEFAULT CHARSET=utf8;

--
-- Déchargement des données de la table `items`
--

INSERT INTO `items` (`name`, `label`, `weight`, `rare`, `can_remove`) VALUES
('bandage', 'Bandage', 2, 0, 1),
('freshpotato', 'Patate fraiche', 1, 0, 1),
('grand_cru', 'Grand cru', 1, 0, 1),
('jus_raisin', 'Jus de raisin', 1, 0, 1),
('medikit', 'Medikit', 2, 0, 1),
('potato', 'Patate', 1, 0, 1),
('raisin', 'Raisin', 1, 0, 1),
('vine', 'Vin', 1, 0, 1);

-- --------------------------------------------------------

--
-- Structure de la table `jobs`
--

CREATE TABLE `jobs` (
  `name` varchar(50) NOT NULL,
  `label` varchar(50) DEFAULT NULL,
  `whitelisted` tinyint(1) NOT NULL DEFAULT 0
) ENGINE=InnoDB DEFAULT CHARSET=utf8;

--
-- Déchargement des données de la table `jobs`
--

INSERT INTO `jobs` (`name`, `label`, `whitelisted`) VALUES
('ambulance', 'Ambulance', 0),
('cardealer', 'Concessionnaire', 0),
('farmer', 'Fermier', 1),
('police', 'LSPD', 0),
('producter', 'Producteur', 1),
('unemployed', 'Chomeur', 0),
('vigne', 'Winegrower', 1);

-- --------------------------------------------------------

--
-- Structure de la table `job_grades`
--

CREATE TABLE `job_grades` (
  `id` int(11) NOT NULL,
  `job_name` varchar(50) DEFAULT NULL,
  `grade` int(11) NOT NULL,
  `name` varchar(50) NOT NULL,
  `label` varchar(50) NOT NULL,
  `salary` int(11) NOT NULL,
  `skin_male` longtext NOT NULL,
  `skin_female` longtext NOT NULL
) ENGINE=InnoDB DEFAULT CHARSET=utf8;

--
-- Déchargement des données de la table `job_grades`
--

INSERT INTO `job_grades` (`id`, `job_name`, `grade`, `name`, `label`, `salary`, `skin_male`, `skin_female`) VALUES
(1, 'unemployed', 0, 'unemployed', 'RSA', 200, '{}', '{}'),
(2, 'vigne', 0, 'recrue', 'Intérimaire', 500, '{\"tshirt_1\":59,\"tshirt_2\":0,\"torso_1\":12,\"torso_2\":5,\"shoes_1\":7,\"shoes_2\":2,\"pants_1\":9, \"pants_2\":7, \"arms\":1, \"helmet_1\":11, \"helmet_2\":0,\"bags_1\":0,\"bags_2\":0,\"ears_1\":0,\"glasses_1\":0,\"ears_2\":0,\"glasses_2\":0}', '{\"tshirt_1\":0,\"tshirt_2\":0,\"torso_1\":56,\"torso_2\":0,\"shoes_1\":27,\"shoes_2\":0,\"pants_1\":36, \"pants_2\":0, \"arms\":63, \"helmet_1\":11, \"helmet_2\":0,\"bags_1\":0,\"bags_2\":0,\"ears_1\":0,\"glasses_1\":0,\"ears_2\":0,\"glasses_2\":0}'),
(3, 'vigne', 1, 'novice', 'Vigneron', 750, '{\"tshirt_1\":57,\"tshirt_2\":0,\"torso_1\":13,\"torso_2\":5,\"shoes_1\":7,\"shoes_2\":2,\"pants_1\":9, \"pants_2\":7, \"arms\":11, \"helmet_1\":11, \"helmet_2\":0,\"bags_1\":0,\"bags_2\":0,\"ears_1\":0,\"glasses_1\":0,\"ears_2\":0,\"glasses_2\":0}', '{\"tshirt_1\":0,\"tshirt_2\":0,\"torso_1\":56,\"torso_2\":0,\"shoes_1\":27,\"shoes_2\":0,\"pants_1\":36, \"pants_2\":0, \"arms\":63, \"helmet_1\":11, \"helmet_2\":0,\"bags_1\":0,\"bags_2\":0,\"ears_1\":0,\"glasses_1\":0,\"ears_2\":0,\"glasses_2\":0}'),
(4, 'vigne', 2, 'cdisenior', 'Chef de chai', 1200, '{\"tshirt_1\":57,\"tshirt_2\":0,\"torso_1\":13,\"torso_2\":5,\"shoes_1\":7,\"shoes_2\":2,\"pants_1\":9, \"pants_2\":7, \"arms\":11, \"helmet_1\":11, \"helmet_2\":0,\"bags_1\":0,\"bags_2\":0,\"ears_1\":0,\"glasses_1\":0,\"ears_2\":0,\"glasses_2\":0}', '{\"tshirt_1\":0,\"tshirt_2\":0,\"torso_1\":56,\"torso_2\":0,\"shoes_1\":27,\"shoes_2\":0,\"pants_1\":36, \"pants_2\":0, \"arms\":63, \"helmet_1\":11, \"helmet_2\":0,\"bags_1\":0,\"bags_2\":0,\"ears_1\":0,\"glasses_1\":0,\"ears_2\":0,\"glasses_2\":0}'),
(5, 'vigne', 3, 'boss', 'Patron', 1600, '{\"tshirt_1\":57,\"tshirt_2\":0,\"torso_1\":13,\"torso_2\":5,\"shoes_1\":7,\"shoes_2\":2,\"pants_1\":9, \"pants_2\":7, \"arms\":11, \"helmet_1\":11, \"helmet_2\":0,\"bags_1\":0,\"bags_2\":0,\"ears_1\":0,\"glasses_1\":0,\"ears_2\":0,\"glasses_2\":0}', '{\"tshirt_1\":15,\"tshirt_2\":0,\"torso_1\":14,\"torso_2\":15,\"shoes_1\":12,\"shoes_2\":0,\"pants_1\":9, \"pants_2\":5, \"arms\":1, \"helmet_1\":11, \"helmet_2\":0,\"bags_1\":0,\"bags_2\":0,\"ears_1\":0,\"glasses_1\":0,\"ears_2\":0,\"glasses_2\":0}'),
(6, 'cardealer', 0, 'recruit', 'Recrue', 10, '{}', '{}'),
(7, 'cardealer', 1, 'novice', 'Novice', 25, '{}', '{}'),
(8, 'cardealer', 2, 'experienced', 'Experimente', 40, '{}', '{}'),
(9, 'cardealer', 3, 'boss', 'Patron', 0, '{}', '{}'),
(10, 'police', 0, 'recruit', 'Recrue', 20, '{}', '{}'),
(11, 'police', 1, 'officer', 'Officier', 40, '{}', '{}'),
(12, 'police', 2, 'sergeant', 'Sergent', 60, '{}', '{}'),
(13, 'police', 3, 'lieutenant', 'Lieutenant', 85, '{}', '{}'),
(14, 'police', 4, 'boss', 'Commandant', 100, '{}', '{}'),
(15, 'producter', 0, 'recrue', 'Ouvrier', 10, '{\"tshirt_1\":59,\"tshirt_2\":0,\"torso_1\":12,\"torso_2\":5,\"shoes_1\":7,\"shoes_2\":2,\"pants_1\":9, \"pants_2\":7, \"arms\":1, \"helmet_1\":11, \"helmet_2\":0,\"bags_1\":0,\"bags_2\":0,\"ears_1\":0,\"glasses_1\":0,\"ears_2\":0,\"glasses_2\":0}', '{\"tshirt_1\":0,\"tshirt_2\":0,\"torso_1\":56,\"torso_2\":0,\"shoes_1\":27,\"shoes_2\":0,\"pants_1\":36, \"pants_2\":0, \"arms\":63, \"helmet_1\":11, \"helmet_2\":0,\"bags_1\":0,\"bags_2\":0,\"ears_1\":0,\"glasses_1\":0,\"ears_2\":0,\"glasses_2\":0}'),
(16, 'producter', 1, 'novice', 'Ouvrier confirmé', 20, '{\"tshirt_1\":57,\"tshirt_2\":0,\"torso_1\":13,\"torso_2\":5,\"shoes_1\":7,\"shoes_2\":2,\"pants_1\":9, \"pants_2\":7, \"arms\":11, \"helmet_1\":11, \"helmet_2\":0,\"bags_1\":0,\"bags_2\":0,\"ears_1\":0,\"glasses_1\":0,\"ears_2\":0,\"glasses_2\":0}', '{\"tshirt_1\":0,\"tshirt_2\":0,\"torso_1\":56,\"torso_2\":0,\"shoes_1\":27,\"shoes_2\":0,\"pants_1\":36, \"pants_2\":0, \"arms\":63, \"helmet_1\":11, \"helmet_2\":0,\"bags_1\":0,\"bags_2\":0,\"ears_1\":0,\"glasses_1\":0,\"ears_2\":0,\"glasses_2\":0}'),
(17, 'producter', 2, 'cdisenior', 'Chef de champs', 30, '{\"tshirt_1\":57,\"tshirt_2\":0,\"torso_1\":13,\"torso_2\":5,\"shoes_1\":7,\"shoes_2\":2,\"pants_1\":9, \"pants_2\":7, \"arms\":11, \"helmet_1\":11, \"helmet_2\":0,\"bags_1\":0,\"bags_2\":0,\"ears_1\":0,\"glasses_1\":0,\"ears_2\":0,\"glasses_2\":0}', '{\"tshirt_1\":0,\"tshirt_2\":0,\"torso_1\":56,\"torso_2\":0,\"shoes_1\":27,\"shoes_2\":0,\"pants_1\":36, \"pants_2\":0, \"arms\":63, \"helmet_1\":11, \"helmet_2\":0,\"bags_1\":0,\"bags_2\":0,\"ears_1\":0,\"glasses_1\":0,\"ears_2\":0,\"glasses_2\":0}'),
(18, 'producter', 3, 'boss', 'Patron', 40, '{\"tshirt_1\":57,\"tshirt_2\":0,\"torso_1\":13,\"torso_2\":5,\"shoes_1\":7,\"shoes_2\":2,\"pants_1\":9, \"pants_2\":7, \"arms\":11, \"helmet_1\":11, \"helmet_2\":0,\"bags_1\":0,\"bags_2\":0,\"ears_1\":0,\"glasses_1\":0,\"ears_2\":0,\"glasses_2\":0}', '{\"tshirt_1\":15,\"tshirt_2\":0,\"torso_1\":14,\"torso_2\":15,\"shoes_1\":12,\"shoes_2\":0,\"pants_1\":9, \"pants_2\":5, \"arms\":1, \"helmet_1\":11, \"helmet_2\":0,\"bags_1\":0,\"bags_2\":0,\"ears_1\":0,\"glasses_1\":0,\"ears_2\":0,\"glasses_2\":0}'),
(19, 'farmer', 0, 'Pocetnik', 'Fermier', 25, '{}', '{}'),
(20, 'ambulance', 0, 'ambulance', 'Ambulancier', 20, '{\"tshirt_2\":0,\"hair_color_1\":5,\"glasses_2\":3,\"shoes\":9,\"torso_2\":3,\"hair_color_2\":0,\"pants_1\":24,\"glasses_1\":4,\"hair_1\":2,\"sex\":0,\"decals_2\":0,\"tshirt_1\":15,\"helmet_1\":8,\"helmet_2\":0,\"arms\":92,\"face\":19,\"decals_1\":60,\"torso_1\":13,\"hair_2\":0,\"skin\":34,\"pants_2\":5}', '{\"tshirt_2\":3,\"decals_2\":0,\"glasses\":0,\"hair_1\":2,\"torso_1\":73,\"shoes\":1,\"hair_color_2\":0,\"glasses_1\":19,\"skin\":13,\"face\":6,\"pants_2\":5,\"tshirt_1\":75,\"pants_1\":37,\"helmet_1\":57,\"torso_2\":0,\"arms\":14,\"sex\":1,\"glasses_2\":0,\"decals_1\":0,\"hair_2\":0,\"helmet_2\":0,\"hair_color_1\":0}'),
(21, 'ambulance', 1, 'doctor', 'Medecin', 40, '{\"tshirt_2\":0,\"hair_color_1\":5,\"glasses_2\":3,\"shoes\":9,\"torso_2\":3,\"hair_color_2\":0,\"pants_1\":24,\"glasses_1\":4,\"hair_1\":2,\"sex\":0,\"decals_2\":0,\"tshirt_1\":15,\"helmet_1\":8,\"helmet_2\":0,\"arms\":92,\"face\":19,\"decals_1\":60,\"torso_1\":13,\"hair_2\":0,\"skin\":34,\"pants_2\":5}', '{\"tshirt_2\":3,\"decals_2\":0,\"glasses\":0,\"hair_1\":2,\"torso_1\":73,\"shoes\":1,\"hair_color_2\":0,\"glasses_1\":19,\"skin\":13,\"face\":6,\"pants_2\":5,\"tshirt_1\":75,\"pants_1\":37,\"helmet_1\":57,\"torso_2\":0,\"arms\":14,\"sex\":1,\"glasses_2\":0,\"decals_1\":0,\"hair_2\":0,\"helmet_2\":0,\"hair_color_1\":0}'),
(22, 'ambulance', 2, 'chief_doctor', 'Medecin-chef', 60, '{\"tshirt_2\":0,\"hair_color_1\":5,\"glasses_2\":3,\"shoes\":9,\"torso_2\":3,\"hair_color_2\":0,\"pants_1\":24,\"glasses_1\":4,\"hair_1\":2,\"sex\":0,\"decals_2\":0,\"tshirt_1\":15,\"helmet_1\":8,\"helmet_2\":0,\"arms\":92,\"face\":19,\"decals_1\":60,\"torso_1\":13,\"hair_2\":0,\"skin\":34,\"pants_2\":5}', '{\"tshirt_2\":3,\"decals_2\":0,\"glasses\":0,\"hair_1\":2,\"torso_1\":73,\"shoes\":1,\"hair_color_2\":0,\"glasses_1\":19,\"skin\":13,\"face\":6,\"pants_2\":5,\"tshirt_1\":75,\"pants_1\":37,\"helmet_1\":57,\"torso_2\":0,\"arms\":14,\"sex\":1,\"glasses_2\":0,\"decals_1\":0,\"hair_2\":0,\"helmet_2\":0,\"hair_color_1\":0}'),
(23, 'ambulance', 3, 'boss', 'Chirurgien', 80, '{\"tshirt_2\":0,\"hair_color_1\":5,\"glasses_2\":3,\"shoes\":9,\"torso_2\":3,\"hair_color_2\":0,\"pants_1\":24,\"glasses_1\":4,\"hair_1\":2,\"sex\":0,\"decals_2\":0,\"tshirt_1\":15,\"helmet_1\":8,\"helmet_2\":0,\"arms\":92,\"face\":19,\"decals_1\":60,\"torso_1\":13,\"hair_2\":0,\"skin\":34,\"pants_2\":5}', '{\"tshirt_2\":3,\"decals_2\":0,\"glasses\":0,\"hair_1\":2,\"torso_1\":73,\"shoes\":1,\"hair_color_2\":0,\"glasses_1\":19,\"skin\":13,\"face\":6,\"pants_2\":5,\"tshirt_1\":75,\"pants_1\":37,\"helmet_1\":57,\"torso_2\":0,\"arms\":14,\"sex\":1,\"glasses_2\":0,\"decals_1\":0,\"hair_2\":0,\"helmet_2\":0,\"hair_color_1\":0}');

-- --------------------------------------------------------

--
-- Structure de la table `licenses`
--

CREATE TABLE `licenses` (
  `type` varchar(60) NOT NULL,
  `label` varchar(60) NOT NULL
) ENGINE=InnoDB DEFAULT CHARSET=utf8;

-- --------------------------------------------------------

--
-- Structure de la table `owned_vehicles`
--

CREATE TABLE `owned_vehicles` (
  `owner` varchar(40) NOT NULL,
  `plate` varchar(12) NOT NULL,
  `vehicle` longtext DEFAULT NULL,
  `type` varchar(20) NOT NULL DEFAULT 'car',
  `job` varchar(20) DEFAULT NULL,
  `stored` tinyint(4) NOT NULL DEFAULT 0
) ENGINE=InnoDB DEFAULT CHARSET=utf8;

-- --------------------------------------------------------

--
-- Structure de la table `rented_vehicles`
--

CREATE TABLE `rented_vehicles` (
  `vehicle` varchar(60) NOT NULL,
  `plate` varchar(12) NOT NULL,
  `player_name` varchar(255) NOT NULL,
  `base_price` int(11) NOT NULL,
  `rent_price` int(11) NOT NULL,
  `owner` varchar(22) NOT NULL
) ENGINE=InnoDB DEFAULT CHARSET=utf8;

-- --------------------------------------------------------

--
-- Structure de la table `society_moneywash`
--

CREATE TABLE `society_moneywash` (
  `id` int(11) NOT NULL,
  `identifier` varchar(60) NOT NULL,
  `society` varchar(60) NOT NULL,
  `amount` int(11) NOT NULL
) ENGINE=InnoDB DEFAULT CHARSET=utf8;

-- --------------------------------------------------------

--
-- Structure de la table `users`
--

CREATE TABLE `users` (
  `identifier` varchar(60) NOT NULL,
  `accounts` longtext DEFAULT NULL,
  `group` varchar(50) DEFAULT 'user',
  `inventory` longtext DEFAULT NULL,
  `job` varchar(20) DEFAULT 'unemployed',
  `job_grade` int(11) DEFAULT 0,
  `loadout` longtext DEFAULT NULL,
  `position` varchar(255) DEFAULT '{"x":-269.4,"y":-955.3,"z":31.2,"heading":205.8}',
  `skin` longtext DEFAULT NULL,
  `firstname` varchar(16) DEFAULT NULL,
  `lastname` varchar(16) DEFAULT NULL,
  `dateofbirth` varchar(10) DEFAULT NULL,
  `sex` varchar(1) DEFAULT NULL,
  `height` int(11) DEFAULT NULL,
  `status` longtext DEFAULT NULL,
  `is_dead` tinyint(1) DEFAULT 0
) ENGINE=InnoDB DEFAULT CHARSET=utf8;

--
-- Déchargement des données de la table `users`
--

INSERT INTO `users` (`identifier`, `accounts`, `group`, `inventory`, `job`, `job_grade`, `loadout`, `position`, `skin`, `firstname`, `lastname`, `dateofbirth`, `sex`, `height`, `status`, `is_dead`) VALUES
('0bc6f9b6b7f65f9f1643aacb3706bc26005341e8', '{\"bank\":10900,\"money\":0,\"black_money\":0}', 'admin', '[]', 'producter', 2, '[]', '{\"x\":470.5,\"heading\":45.4,\"z\":53.0,\"y\":-265.8}', '{\"helmet_1\":-1,\"bproof_1\":0,\"nose_3\":3,\"chain_1\":0,\"bodyb_1\":-1,\"eyebrows_5\":0,\"beard_2\":0,\"face_md_weight\":52,\"hair_1\":0,\"eyebrows_2\":0,\"hair_2\":0,\"mask_2\":0,\"chin_3\":0,\"lipstick_1\":0,\"blemishes_1\":0,\"makeup_4\":0,\"sex\":0,\"shoes_2\":0,\"glasses_1\":0,\"bodyb_3\":-1,\"age_1\":0,\"helmet_2\":0,\"bracelets_2\":0,\"moles_2\":0,\"torso_1\":0,\"chest_2\":0,\"eyebrows_1\":0,\"lip_thickness\":0,\"watches_1\":-1,\"blemishes_2\":0,\"bodyb_4\":0,\"chin_1\":0,\"arms\":0,\"hair_color_2\":0,\"pants_2\":0,\"nose_1\":3,\"eye_squint\":0,\"skin_md_weight\":50,\"chest_1\":0,\"hair_color_1\":0,\"eye_color\":0,\"beard_4\":0,\"mom\":24,\"lipstick_2\":0,\"jaw_2\":0,\"blush_1\":0,\"nose_6\":0,\"ears_2\":0,\"lipstick_4\":0,\"moles_1\":0,\"makeup_1\":0,\"nose_5\":0,\"decals_1\":0,\"nose_2\":0,\"eyebrows_6\":0,\"jaw_1\":0,\"tshirt_2\":0,\"eyebrows_3\":0,\"tshirt_1\":0,\"bags_2\":0,\"age_2\":0,\"makeup_2\":0,\"chin_4\":0,\"arms_2\":0,\"nose_4\":5,\"beard_3\":0,\"shoes_1\":0,\"bracelets_1\":-1,\"sun_2\":0,\"chin_2\":0,\"makeup_3\":0,\"complexion_2\":0,\"beard_1\":0,\"dad\":0,\"bags_1\":0,\"glasses_2\":0,\"ears_1\":-1,\"chest_3\":0,\"bproof_2\":0,\"decals_2\":0,\"cheeks_3\":0,\"chain_2\":0,\"eyebrows_4\":0,\"bodyb_2\":0,\"cheeks_1\":0,\"watches_2\":0,\"sun_1\":0,\"mask_1\":0,\"lipstick_3\":0,\"complexion_1\":0,\"cheeks_2\":0,\"pants_1\":0,\"neck_thickness\":0,\"blush_2\":0,\"blush_3\":0,\"torso_2\":0}', 'Zebi', 'Mojito', '12/19/1987', 'm', 73, '[]', 1),
('276245f46886e1cca56e58796d75f00da91d77e3', '{\"bank\":28120,\"money\":1841,\"black_money\":0}', 'admin', '{\"grand_cru\":2,\"potato\":100,\"vine\":48}', 'producter', 3, '[]', '{\"x\":470.0,\"heading\":0.0,\"z\":53.8,\"y\":-264.4}', '{\"bodyb_3\":-1,\"complexion_2\":0,\"nose_1\":2,\"tshirt_2\":0,\"blush_1\":0,\"eyebrows_1\":0,\"chin_1\":0,\"watches_2\":0,\"nose_5\":0,\"moles_1\":0,\"arms\":0,\"beard_2\":0,\"chest_3\":0,\"bodyb_1\":-1,\"glasses_2\":0,\"bproof_1\":0,\"shoes_1\":0,\"eye_squint\":0,\"beard_1\":0,\"chain_2\":0,\"beard_4\":0,\"helmet_1\":-1,\"lipstick_1\":0,\"cheeks_2\":0,\"blush_3\":0,\"chain_1\":0,\"mom\":23,\"eyebrows_5\":0,\"ears_1\":-1,\"lipstick_4\":0,\"decals_1\":0,\"hair_color_2\":0,\"makeup_2\":0,\"nose_4\":0,\"face_md_weight\":51,\"nose_2\":0,\"tshirt_1\":0,\"watches_1\":-1,\"cheeks_3\":0,\"makeup_1\":0,\"sex\":0,\"chin_2\":0,\"bodyb_4\":0,\"helmet_2\":0,\"lipstick_3\":0,\"eyebrows_2\":0,\"arms_2\":0,\"bags_1\":0,\"hair_2\":0,\"hair_color_1\":0,\"bracelets_2\":0,\"sun_1\":0,\"complexion_1\":0,\"bodyb_2\":0,\"nose_3\":0,\"shoes_2\":0,\"lip_thickness\":0,\"dad\":1,\"ears_2\":0,\"blemishes_2\":0,\"decals_2\":0,\"skin_md_weight\":51,\"cheeks_1\":0,\"age_2\":0,\"torso_1\":0,\"makeup_4\":0,\"chest_2\":0,\"age_1\":0,\"blush_2\":0,\"pants_2\":0,\"jaw_1\":0,\"neck_thickness\":0,\"jaw_2\":0,\"makeup_3\":0,\"nose_6\":0,\"blemishes_1\":0,\"hair_1\":0,\"bracelets_1\":-1,\"mask_1\":0,\"eyebrows_6\":0,\"bproof_2\":0,\"mask_2\":0,\"beard_3\":0,\"eye_color\":0,\"chin_4\":0,\"pants_1\":0,\"sun_2\":0,\"eyebrows_3\":0,\"glasses_1\":0,\"torso_2\":0,\"lipstick_2\":0,\"bags_2\":0,\"moles_2\":0,\"chest_1\":0,\"eyebrows_4\":0,\"chin_3\":0}', 'Yuri', 'Tsekhanovetski', '10/24/1991', 'm', 91, '[]', 0);

-- --------------------------------------------------------

--
-- Structure de la table `user_licenses`
--

CREATE TABLE `user_licenses` (
  `id` int(11) NOT NULL,
  `type` varchar(60) NOT NULL,
  `owner` varchar(40) NOT NULL
) ENGINE=InnoDB DEFAULT CHARSET=utf8;

-- --------------------------------------------------------

--
-- Structure de la table `vehicles`
--

CREATE TABLE `vehicles` (
  `name` varchar(60) NOT NULL,
  `model` varchar(60) NOT NULL,
  `price` int(11) NOT NULL,
  `category` varchar(60) DEFAULT NULL
) ENGINE=InnoDB DEFAULT CHARSET=utf8;

--
-- Déchargement des données de la table `vehicles`
--

INSERT INTO `vehicles` (`name`, `model`, `price`, `category`) VALUES
('Adder', 'adder', 900000, 'super'),
('Akuma', 'AKUMA', 7500, 'motorcycles'),
('Alpha', 'alpha', 60000, 'sports'),
('Ardent', 'ardent', 1150000, 'sportsclassics'),
('Asea', 'asea', 5500, 'sedans'),
('Autarch', 'autarch', 1955000, 'super'),
('Avarus', 'avarus', 18000, 'motorcycles'),
('Bagger', 'bagger', 13500, 'motorcycles'),
('Baller', 'baller2', 40000, 'suvs'),
('Baller Sport', 'baller3', 60000, 'suvs'),
('Banshee', 'banshee', 70000, 'sports'),
('Banshee 900R', 'banshee2', 255000, 'super'),
('Bati 801', 'bati', 12000, 'motorcycles'),
('Bati 801RR', 'bati2', 19000, 'motorcycles'),
('Bestia GTS', 'bestiagts', 55000, 'sports'),
('BF400', 'bf400', 6500, 'motorcycles'),
('Bf Injection', 'bfinjection', 16000, 'offroad'),
('Bifta', 'bifta', 12000, 'offroad'),
('Bison', 'bison', 45000, 'vans'),
('Blade', 'blade', 15000, 'muscle'),
('Blazer', 'blazer', 6500, 'offroad'),
('Blazer Sport', 'blazer4', 8500, 'offroad'),
('blazer5', 'blazer5', 1755600, 'offroad'),
('Blista', 'blista', 8000, 'compacts'),
('BMX (velo)', 'bmx', 160, 'motorcycles'),
('Bobcat XL', 'bobcatxl', 32000, 'vans'),
('Brawler', 'brawler', 45000, 'offroad'),
('Brioso R/A', 'brioso', 18000, 'compacts'),
('Btype', 'btype', 62000, 'sportsclassics'),
('Btype Hotroad', 'btype2', 155000, 'sportsclassics'),
('Btype Luxe', 'btype3', 85000, 'sportsclassics'),
('Buccaneer', 'buccaneer', 18000, 'muscle'),
('Buccaneer Rider', 'buccaneer2', 24000, 'muscle'),
('Buffalo', 'buffalo', 12000, 'sports'),
('Buffalo S', 'buffalo2', 20000, 'sports'),
('Bullet', 'bullet', 90000, 'super'),
('Burrito', 'burrito3', 19000, 'vans'),
('Camper', 'camper', 42000, 'vans'),
('Carbonizzare', 'carbonizzare', 75000, 'sports'),
('Carbon RS', 'carbonrs', 18000, 'motorcycles'),
('Casco', 'casco', 30000, 'sportsclassics'),
('Cavalcade', 'cavalcade2', 55000, 'suvs'),
('Cheetah', 'cheetah', 375000, 'super'),
('Chimera', 'chimera', 38000, 'motorcycles'),
('Chino', 'chino', 15000, 'muscle'),
('Chino Luxe', 'chino2', 19000, 'muscle'),
('Cliffhanger', 'cliffhanger', 9500, 'motorcycles'),
('Cognoscenti Cabrio', 'cogcabrio', 55000, 'coupes'),
('Cognoscenti', 'cognoscenti', 55000, 'sedans'),
('Comet', 'comet2', 65000, 'sports'),
('Comet 5', 'comet5', 1145000, 'sports'),
('Contender', 'contender', 70000, 'suvs'),
('Coquette', 'coquette', 65000, 'sports'),
('Coquette Classic', 'coquette2', 40000, 'sportsclassics'),
('Coquette BlackFin', 'coquette3', 55000, 'muscle'),
('Cruiser (velo)', 'cruiser', 510, 'motorcycles'),
('Cyclone', 'cyclone', 1890000, 'super'),
('Daemon', 'daemon', 11500, 'motorcycles'),
('Daemon High', 'daemon2', 13500, 'motorcycles'),
('Defiler', 'defiler', 9800, 'motorcycles'),
('Deluxo', 'deluxo', 4721500, 'sportsclassics'),
('Dominator', 'dominator', 35000, 'muscle'),
('Double T', 'double', 28000, 'motorcycles'),
('Dubsta', 'dubsta', 45000, 'suvs'),
('Dubsta Luxuary', 'dubsta2', 60000, 'suvs'),
('Bubsta 6x6', 'dubsta3', 120000, 'offroad'),
('Dukes', 'dukes', 28000, 'muscle'),
('Dune Buggy', 'dune', 8000, 'offroad'),
('Elegy', 'elegy2', 38500, 'sports'),
('Emperor', 'emperor', 8500, 'sedans'),
('Enduro', 'enduro', 5500, 'motorcycles'),
('Entity XF', 'entityxf', 425000, 'super'),
('Esskey', 'esskey', 4200, 'motorcycles'),
('Exemplar', 'exemplar', 32000, 'coupes'),
('F620', 'f620', 40000, 'coupes'),
('Faction', 'faction', 20000, 'muscle'),
('Faction Rider', 'faction2', 30000, 'muscle'),
('Faction XL', 'faction3', 40000, 'muscle'),
('Faggio', 'faggio', 1900, 'motorcycles'),
('Vespa', 'faggio2', 2800, 'motorcycles'),
('Felon', 'felon', 42000, 'coupes'),
('Felon GT', 'felon2', 55000, 'coupes'),
('Feltzer', 'feltzer2', 55000, 'sports'),
('Stirling GT', 'feltzer3', 65000, 'sportsclassics'),
('Fixter (velo)', 'fixter', 225, 'motorcycles'),
('FMJ', 'fmj', 185000, 'super'),
('Fhantom', 'fq2', 17000, 'suvs'),
('Fugitive', 'fugitive', 12000, 'sedans'),
('Furore GT', 'furoregt', 45000, 'sports'),
('Fusilade', 'fusilade', 40000, 'sports'),
('Gargoyle', 'gargoyle', 16500, 'motorcycles'),
('Gauntlet', 'gauntlet', 30000, 'muscle'),
('Gang Burrito', 'gburrito', 45000, 'vans'),
('Burrito', 'gburrito2', 29000, 'vans'),
('Glendale', 'glendale', 6500, 'sedans'),
('Grabger', 'granger', 50000, 'suvs'),
('Gresley', 'gresley', 47500, 'suvs'),
('GT 500', 'gt500', 785000, 'sportsclassics'),
('Guardian', 'guardian', 45000, 'offroad'),
('Hakuchou', 'hakuchou', 31000, 'motorcycles'),
('Hakuchou Sport', 'hakuchou2', 55000, 'motorcycles'),
('Hermes', 'hermes', 535000, 'muscle'),
('Hexer', 'hexer', 12000, 'motorcycles'),
('Hotknife', 'hotknife', 125000, 'muscle'),
('Huntley S', 'huntley', 40000, 'suvs'),
('Hustler', 'hustler', 625000, 'muscle'),
('Infernus', 'infernus', 180000, 'super'),
('Innovation', 'innovation', 23500, 'motorcycles'),
('Intruder', 'intruder', 7500, 'sedans'),
('Issi', 'issi2', 10000, 'compacts'),
('Jackal', 'jackal', 38000, 'coupes'),
('Jester', 'jester', 65000, 'sports'),
('Jester(Racecar)', 'jester2', 135000, 'sports'),
('Journey', 'journey', 6500, 'vans'),
('Kamacho', 'kamacho', 345000, 'offroad'),
('Khamelion', 'khamelion', 38000, 'sports'),
('Kuruma', 'kuruma', 30000, 'sports'),
('Landstalker', 'landstalker', 35000, 'suvs'),
('RE-7B', 'le7b', 325000, 'super'),
('Lynx', 'lynx', 40000, 'sports'),
('Mamba', 'mamba', 70000, 'sports'),
('Manana', 'manana', 12800, 'sportsclassics'),
('Manchez', 'manchez', 5300, 'motorcycles'),
('Massacro', 'massacro', 65000, 'sports'),
('Massacro(Racecar)', 'massacro2', 130000, 'sports'),
('Mesa', 'mesa', 16000, 'suvs'),
('Mesa Trail', 'mesa3', 40000, 'suvs'),
('Minivan', 'minivan', 13000, 'vans'),
('Monroe', 'monroe', 55000, 'sportsclassics'),
('The Liberator', 'monster', 210000, 'offroad'),
('Moonbeam', 'moonbeam', 18000, 'vans'),
('Moonbeam Rider', 'moonbeam2', 35000, 'vans'),
('Nemesis', 'nemesis', 5800, 'motorcycles'),
('Neon', 'neon', 1500000, 'sports'),
('Nightblade', 'nightblade', 35000, 'motorcycles'),
('Nightshade', 'nightshade', 65000, 'muscle'),
('9F', 'ninef', 65000, 'sports'),
('9F Cabrio', 'ninef2', 80000, 'sports'),
('Omnis', 'omnis', 35000, 'sports'),
('Oppressor', 'oppressor', 3524500, 'super'),
('Oracle XS', 'oracle2', 35000, 'coupes'),
('Osiris', 'osiris', 160000, 'super'),
('Panto', 'panto', 10000, 'compacts'),
('Paradise', 'paradise', 19000, 'vans'),
('Pariah', 'pariah', 1420000, 'sports'),
('Patriot', 'patriot', 55000, 'suvs'),
('PCJ-600', 'pcj', 6200, 'motorcycles'),
('Penumbra', 'penumbra', 28000, 'sports'),
('Pfister', 'pfister811', 85000, 'super'),
('Phoenix', 'phoenix', 12500, 'muscle'),
('Picador', 'picador', 18000, 'muscle'),
('Pigalle', 'pigalle', 20000, 'sportsclassics'),
('Prairie', 'prairie', 12000, 'compacts'),
('Premier', 'premier', 8000, 'sedans'),
('Primo Custom', 'primo2', 14000, 'sedans'),
('X80 Proto', 'prototipo', 2500000, 'super'),
('Radius', 'radi', 29000, 'suvs'),
('raiden', 'raiden', 1375000, 'sports'),
('Rapid GT', 'rapidgt', 35000, 'sports'),
('Rapid GT Convertible', 'rapidgt2', 45000, 'sports'),
('Rapid GT3', 'rapidgt3', 885000, 'sportsclassics'),
('Reaper', 'reaper', 150000, 'super'),
('Rebel', 'rebel2', 35000, 'offroad'),
('Regina', 'regina', 5000, 'sedans'),
('Retinue', 'retinue', 615000, 'sportsclassics'),
('Revolter', 'revolter', 1610000, 'sports'),
('riata', 'riata', 380000, 'offroad'),
('Rocoto', 'rocoto', 45000, 'suvs'),
('Ruffian', 'ruffian', 6800, 'motorcycles'),
('Ruiner 2', 'ruiner2', 5745600, 'muscle'),
('Rumpo', 'rumpo', 15000, 'vans'),
('Rumpo Trail', 'rumpo3', 19500, 'vans'),
('Sabre Turbo', 'sabregt', 20000, 'muscle'),
('Sabre GT', 'sabregt2', 25000, 'muscle'),
('Sanchez', 'sanchez', 5300, 'motorcycles'),
('Sanchez Sport', 'sanchez2', 5300, 'motorcycles'),
('Sanctus', 'sanctus', 25000, 'motorcycles'),
('Sandking', 'sandking', 55000, 'offroad'),
('Savestra', 'savestra', 990000, 'sportsclassics'),
('SC 1', 'sc1', 1603000, 'super'),
('Schafter', 'schafter2', 25000, 'sedans'),
('Schafter V12', 'schafter3', 50000, 'sports'),
('Scorcher (velo)', 'scorcher', 280, 'motorcycles'),
('Seminole', 'seminole', 25000, 'suvs'),
('Sentinel', 'sentinel', 32000, 'coupes'),
('Sentinel XS', 'sentinel2', 40000, 'coupes'),
('Sentinel3', 'sentinel3', 650000, 'sports'),
('Seven 70', 'seven70', 39500, 'sports'),
('ETR1', 'sheava', 220000, 'super'),
('Shotaro Concept', 'shotaro', 320000, 'motorcycles'),
('Slam Van', 'slamvan3', 11500, 'muscle'),
('Sovereign', 'sovereign', 22000, 'motorcycles'),
('Stinger', 'stinger', 80000, 'sportsclassics'),
('Stinger GT', 'stingergt', 75000, 'sportsclassics'),
('Streiter', 'streiter', 500000, 'sports'),
('Stretch', 'stretch', 90000, 'sedans'),
('Stromberg', 'stromberg', 3185350, 'sports'),
('Sultan', 'sultan', 15000, 'sports'),
('Sultan RS', 'sultanrs', 65000, 'super'),
('Super Diamond', 'superd', 130000, 'sedans'),
('Surano', 'surano', 50000, 'sports'),
('Surfer', 'surfer', 12000, 'vans'),
('T20', 't20', 300000, 'super'),
('Tailgater', 'tailgater', 30000, 'sedans'),
('Tampa', 'tampa', 16000, 'muscle'),
('Drift Tampa', 'tampa2', 80000, 'sports'),
('Thrust', 'thrust', 24000, 'motorcycles'),
('Tri bike (velo)', 'tribike3', 520, 'motorcycles'),
('Trophy Truck', 'trophytruck', 60000, 'offroad'),
('Trophy Truck Limited', 'trophytruck2', 80000, 'offroad'),
('Tropos', 'tropos', 40000, 'sports'),
('Turismo R', 'turismor', 350000, 'super'),
('Tyrus', 'tyrus', 600000, 'super'),
('Vacca', 'vacca', 120000, 'super'),
('Vader', 'vader', 7200, 'motorcycles'),
('Verlierer', 'verlierer2', 70000, 'sports'),
('Vigero', 'vigero', 12500, 'muscle'),
('Virgo', 'virgo', 14000, 'muscle'),
('Viseris', 'viseris', 875000, 'sportsclassics'),
('Visione', 'visione', 2250000, 'super'),
('Voltic', 'voltic', 90000, 'super'),
('Voltic 2', 'voltic2', 3830400, 'super'),
('Voodoo', 'voodoo', 7200, 'muscle'),
('Vortex', 'vortex', 9800, 'motorcycles'),
('Warrener', 'warrener', 4000, 'sedans'),
('Washington', 'washington', 9000, 'sedans'),
('Windsor', 'windsor', 95000, 'coupes'),
('Windsor Drop', 'windsor2', 125000, 'coupes'),
('Woflsbane', 'wolfsbane', 9000, 'motorcycles'),
('XLS', 'xls', 32000, 'suvs'),
('Yosemite', 'yosemite', 485000, 'muscle'),
('Youga', 'youga', 10800, 'vans'),
('Youga Luxuary', 'youga2', 14500, 'vans'),
('Z190', 'z190', 900000, 'sportsclassics'),
('Zentorno', 'zentorno', 1500000, 'super'),
('Zion', 'zion', 36000, 'coupes'),
('Zion Cabrio', 'zion2', 45000, 'coupes'),
('Zombie', 'zombiea', 9500, 'motorcycles'),
('Zombie Luxuary', 'zombieb', 12000, 'motorcycles'),
('Z-Type', 'ztype', 220000, 'sportsclassics');

-- --------------------------------------------------------

--
-- Structure de la table `vehicle_categories`
--

CREATE TABLE `vehicle_categories` (
  `name` varchar(60) NOT NULL,
  `label` varchar(60) NOT NULL
) ENGINE=InnoDB DEFAULT CHARSET=utf8;

--
-- Déchargement des données de la table `vehicle_categories`
--

INSERT INTO `vehicle_categories` (`name`, `label`) VALUES
('compacts', 'Compacts'),
('coupes', 'Coupés'),
('motorcycles', 'Motos'),
('muscle', 'Muscle'),
('offroad', 'Off Road'),
('sedans', 'Sedans'),
('sports', 'Sports'),
('sportsclassics', 'Sports Classics'),
('super', 'Super'),
('suvs', 'SUVs'),
('vans', 'Vans');

-- --------------------------------------------------------

--
-- Structure de la table `vehicle_sold`
--

CREATE TABLE `vehicle_sold` (
  `client` varchar(50) NOT NULL,
  `model` varchar(50) NOT NULL,
  `plate` varchar(50) NOT NULL,
  `soldby` varchar(50) NOT NULL,
  `date` varchar(50) NOT NULL
) ENGINE=InnoDB DEFAULT CHARSET=utf8;

--
-- Index pour les tables déchargées
--

--
-- Index pour la table `addon_account`
--
ALTER TABLE `addon_account`
  ADD PRIMARY KEY (`name`);

--
-- Index pour la table `addon_account_data`
--
ALTER TABLE `addon_account_data`
  ADD PRIMARY KEY (`id`),
  ADD UNIQUE KEY `index_addon_account_data_account_name_owner` (`account_name`,`owner`),
  ADD KEY `index_addon_account_data_account_name` (`account_name`);

--
-- Index pour la table `addon_inventory`
--
ALTER TABLE `addon_inventory`
  ADD PRIMARY KEY (`name`);

--
-- Index pour la table `addon_inventory_items`
--
ALTER TABLE `addon_inventory_items`
  ADD PRIMARY KEY (`id`),
  ADD KEY `index_addon_inventory_items_inventory_name_name` (`inventory_name`,`name`),
  ADD KEY `index_addon_inventory_items_inventory_name_name_owner` (`inventory_name`,`name`,`owner`),
  ADD KEY `index_addon_inventory_inventory_name` (`inventory_name`);

--
-- Index pour la table `billing`
--
ALTER TABLE `billing`
  ADD PRIMARY KEY (`id`);

--
-- Index pour la table `cardealer_vehicles`
--
ALTER TABLE `cardealer_vehicles`
  ADD PRIMARY KEY (`id`);

--
-- Index pour la table `datastore`
--
ALTER TABLE `datastore`
  ADD PRIMARY KEY (`name`);

--
-- Index pour la table `datastore_data`
--
ALTER TABLE `datastore_data`
  ADD PRIMARY KEY (`id`),
  ADD UNIQUE KEY `index_datastore_data_name_owner` (`name`,`owner`),
  ADD KEY `index_datastore_data_name` (`name`);

--
-- Index pour la table `fine_types`
--
ALTER TABLE `fine_types`
  ADD PRIMARY KEY (`id`);

--
-- Index pour la table `items`
--
ALTER TABLE `items`
  ADD PRIMARY KEY (`name`);

--
-- Index pour la table `jobs`
--
ALTER TABLE `jobs`
  ADD PRIMARY KEY (`name`);

--
-- Index pour la table `job_grades`
--
ALTER TABLE `job_grades`
  ADD PRIMARY KEY (`id`);

--
-- Index pour la table `licenses`
--
ALTER TABLE `licenses`
  ADD PRIMARY KEY (`type`);

--
-- Index pour la table `owned_vehicles`
--
ALTER TABLE `owned_vehicles`
  ADD PRIMARY KEY (`plate`);

--
-- Index pour la table `rented_vehicles`
--
ALTER TABLE `rented_vehicles`
  ADD PRIMARY KEY (`plate`);

--
-- Index pour la table `society_moneywash`
--
ALTER TABLE `society_moneywash`
  ADD PRIMARY KEY (`id`);

--
-- Index pour la table `users`
--
ALTER TABLE `users`
  ADD PRIMARY KEY (`identifier`);

--
-- Index pour la table `user_licenses`
--
ALTER TABLE `user_licenses`
  ADD PRIMARY KEY (`id`);

--
-- Index pour la table `vehicles`
--
ALTER TABLE `vehicles`
  ADD PRIMARY KEY (`model`);

--
-- Index pour la table `vehicle_categories`
--
ALTER TABLE `vehicle_categories`
  ADD PRIMARY KEY (`name`);

--
-- Index pour la table `vehicle_sold`
--
ALTER TABLE `vehicle_sold`
  ADD PRIMARY KEY (`plate`);

--
-- AUTO_INCREMENT pour les tables déchargées
--

--
-- AUTO_INCREMENT pour la table `addon_account_data`
--
ALTER TABLE `addon_account_data`
  MODIFY `id` int(11) NOT NULL AUTO_INCREMENT, AUTO_INCREMENT=6;

--
-- AUTO_INCREMENT pour la table `addon_inventory_items`
--
ALTER TABLE `addon_inventory_items`
  MODIFY `id` int(11) NOT NULL AUTO_INCREMENT, AUTO_INCREMENT=3;

--
-- AUTO_INCREMENT pour la table `billing`
--
ALTER TABLE `billing`
  MODIFY `id` int(11) NOT NULL AUTO_INCREMENT;

--
-- AUTO_INCREMENT pour la table `cardealer_vehicles`
--
ALTER TABLE `cardealer_vehicles`
  MODIFY `id` int(11) NOT NULL AUTO_INCREMENT;

--
-- AUTO_INCREMENT pour la table `datastore_data`
--
ALTER TABLE `datastore_data`
  MODIFY `id` int(11) NOT NULL AUTO_INCREMENT, AUTO_INCREMENT=5;

--
-- AUTO_INCREMENT pour la table `fine_types`
--
ALTER TABLE `fine_types`
  MODIFY `id` int(11) NOT NULL AUTO_INCREMENT, AUTO_INCREMENT=53;

--
-- AUTO_INCREMENT pour la table `job_grades`
--
ALTER TABLE `job_grades`
  MODIFY `id` int(11) NOT NULL AUTO_INCREMENT, AUTO_INCREMENT=24;

--
-- AUTO_INCREMENT pour la table `society_moneywash`
--
ALTER TABLE `society_moneywash`
  MODIFY `id` int(11) NOT NULL AUTO_INCREMENT;

--
-- AUTO_INCREMENT pour la table `user_licenses`
--
ALTER TABLE `user_licenses`
  MODIFY `id` int(11) NOT NULL AUTO_INCREMENT;
COMMIT;

/*!40101 SET CHARACTER_SET_CLIENT=@OLD_CHARACTER_SET_CLIENT */;
/*!40101 SET CHARACTER_SET_RESULTS=@OLD_CHARACTER_SET_RESULTS */;
/*!40101 SET COLLATION_CONNECTION=@OLD_COLLATION_CONNECTION */;
